id;name;email;address;phone
1;payment Lead ADP;Ransom0@hotmail.com;bottom-line;1-835-769-6529 x50335
2;Avon synergies;Colten.Botsford@gmail.com;Fresh Marketing card;1-307-575-1920
3;Avon Shoes;Frederick.Wunsch96@hotmail.com;Books payment invoice;747-857-4415
4;protocol calculate;Keagan_Windler@yahoo.com;back up Nebraska;1-357-133-3485
5;Concrete;Helen60@yahoo.com;Diverse front-end Mission;113.739.0679 x5148
6;ROI;Kevon_Dickinson@yahoo.com;Bedfordshire;558-515-2491 x6443
7;Intelligent conglomeration;Casandra.Dare56@gmail.com;Awesome Granite Tuna Cotton;1-728-587-1731 x08839
8;Metal Lebanese Pound Prairie;Saul_Ondricka97@gmail.com;vortals;1-657-498-3968 x1370
9;compelling Internal Valley;Saul_Ernser5@hotmail.com;Bike instruction set Table;145.286.5606 x4240
10;challenge;Corbin_Mraz17@gmail.com;Rubber Cotton Corner;237.251.2630
